Nombre,Sync,Viral,Ciudad,Budget Maker (MXN),Budget Growth (MXN),Fecha,Status
"Snickers Chocolate 48g","6035","Snickers","Nacional","$20,000","$6,000","2026-07-19","Pendiente"
"Snickers Chocolate 48g","6035","Snickers","Nacional","$20,000","$6,000","2026-06-30","Pendiente"
"Sico Condones Climax Mutuo","14101","Sico","CDMX","$50,000","$15,000","2026-06-27","Pendiente"
"Sico Condon Invisible Ultra Delgado","12030","Sico","CDMX","$50,000","$15,000","2026-06-27","Pendiente"
"Lubricante Sico Play Cereza","3860","Sico","CDMX","$50,000","$15,000","2026-06-27","Pendiente"
"Sico Condon Invisible Ultra Sense","7560","Sico","CDMX","$50,000","$15,000","2026-06-27","Pendiente"
"Sico Condones Safety","10439","Sico","CDMX","$50,000","$15,000","2026-06-27","Pendiente"
"Maestro Dobel Tequila Diamante Reposado 700 mL","8293","Cuervo","Nacional","$50,000","$15,000","2026-06-27","Pendiente"
"Mezcal 400 Conejos Joven Espadin 700 mL","79635","Cuervo","Nacional","$50,000","$15,000","2026-06-27","Pendiente"
"Tequila Plata Gran Centenario 700 mL","13825","Cuervo","Nacional","$50,000","$15,000","2026-06-27","Pendiente"
"Tequila 1800 Cristalino 700 mL","5644","Cuervo","Nacional","$50,000","$15,000","2026-06-27","Pendiente"
"Tequila Patrón Cristalino 700 mL","73999","Bacardí","Nacional","$60,000","$18,000","2026-06-25","Pendiente"
"Ron Bacardí Licor Spiced 700 mL","75752","Bacardí","Nacional","$60,000","$18,000","2026-06-25","Pendiente"
"Ron Bacardi Coco 700 mL","81479","Bacardí","Nacional","$60,000","$18,000","2026-06-25","Pendiente"
"Ron Bacardi Mango Chile 700 mL","81481","Bacardí","Nacional","$60,000","$18,000","2026-06-25","Pendiente"
"Ron Bacardi Raspberry 700 mL","81482","Bacardí","Nacional","$60,000","$18,000","2026-06-25","Pendiente"
"Fabuloso Limpiador Líquido Antibacterial Lavanda 1 L","5300","Fabuloso","CDMX, QRO, PUE, MTY, GDL","$20,000","$6,000","2026-06-24","Pendiente"
"Fabuloso Limpiador Líquido Multiusos Mar Fresco 1 L","5342","Fabuloso","CDMX, QRO, PUE, MTY, GDL","$20,000","$6,000","2026-06-24","Pendiente"
"Fabuloso Limpiador Líquido Multiusos Frescura Activa 2 L","10083","Fabuloso","CDMX, QRO, PUE, MTY, GDL","$20,000","$6,000","2026-06-24","Pendiente"
"Holanda Helado de Vainilla 900 ml - Holanda - 900 mL","76053","Holanda","Nacional","$40,000","$12,000","2026-06-23","Pendiente"
"Viennetta Cappuccino","8244","Holanda","Nacional","$40,000","$12,000","2026-06-23","Pendiente"
"HELADO HOLANDA CHOCOLATE NETFLIX - Holanda - 900 mL","79518","Holanda","Nacional","$40,000","$12,000","2026-06-23","Pendiente"
"Chips Papas Fritas Fuego 55 g","10585","Barcel","Nacional","$50,000","$15,000","2026-06-20","Pendiente"
"Chips Papas Fritas Jalapeño 100 G","9892","Barcel","Nacional","$50,000","$15,000","2026-06-20","Pendiente"
"Golden Nuts Enchilados 100 g","10606","Barcel","Nacional","$50,000","$15,000","2026-06-20","Pendiente"
"Pop Karameladas 240g","74146","Barcel","Nacional","$50,000","$15,000","2026-06-20","Pendiente"
"Palmar Hard Seltzer Frutos Rojos 355 mL","5280","RTDs","Nacional","$40,000","$12,000","2026-06-19","Pendiente"
"Palmar Hard Seltzer Durazno 355 mL","5277","RTDs","Nacional","$40,000","$12,000","2026-06-19","Pendiente"
"Mezcal Mitre Origen 375 mL","81066","RTDs","Nacional","$40,000","$12,000","2026-06-19","Pendiente"
"Tequila Taddel Reposado Cristalino 750 mL","83702","RTDs","Nacional","$40,000","$12,000","2026-06-19","Pendiente"
"Palmar Ginebra Frutos Rojos y Rosas 750 mL","73551","RTDs","Nacional","$40,000","$12,000","2026-06-19","Pendiente"
"Mitre Origen Tamborines 375 mL","81069","RTDs","Nacional","$40,000","$12,000","2026-06-19","Pendiente"
"Harpic Limpiador Desinfectante Para Baños Max Power 750 mL","72719","Reckitt","Nacional","$50,000","$15,000","2026-06-17","Pendiente"
"Harpic Pastillas Acuáticas Azules 5 Piezas","83468","Reckitt","Nacional","$50,000","$15,000","2026-06-17","Pendiente"
"Lysol Desinfectante En Aerosol 475 g","11519","Reckitt","Nacional","$50,000","$15,000","2026-06-17","Pendiente"
"Vanish Quita Manchas En Polvo White 450 g","74274","Reckitt","Nacional","$50,000","$15,000","2026-06-17","Pendiente"
"Lysol Toallitas Desinfectantes Para Superficies 80 ud.","72799","Reckitt","Nacional","$50,000","$15,000","2026-06-17","Pendiente"
"Vanish Quitamanchas en Gel Multiusos 4 L","72715","Reckitt","Nacional","$50,000","$15,000","2026-06-17","Pendiente"
"Snickers Chocolate 48g","6035","Snickers","Nacional","$20,000","$6,000","2026-06-15","Pendiente"
"Chips Papas Fritas Fuego 55 g","10585","Barcel","Nacional","$50,000","$15,000","2026-06-14","Pendiente"
"Chips Papas Fritas Jalapeño 100 G","9892","Barcel","Nacional","$50,000","$15,000","2026-06-14","Pendiente"
"Golden Nuts Enchilados 100 g","10606","Barcel","Nacional","$50,000","$15,000","2026-06-14","Pendiente"
"Pop Karameladas 240g","74146","Barcel","Nacional","$50,000","$15,000","2026-06-14","Pendiente"
"Sico Condones Climax Mutuo","14101","Sico","CDMX","$50,000","$15,000","2026-06-13","Pendiente"
"Sico Condon Invisible Ultra Delgado","12030","Sico","CDMX","$50,000","$15,000","2026-06-13","Pendiente"
"Lubricante Sico Play Cereza","3860","Sico","CDMX","$50,000","$15,000","2026-06-13","Pendiente"
"Sico Condon Invisible Ultra Sense","7560","Sico","CDMX","$50,000","$15,000","2026-06-13","Pendiente"
"Sico Condones Safety","10439","Sico","CDMX","$50,000","$15,000","2026-06-13","Pendiente"
"Mezcal Destreza Joven Espadin 750 mL","8510","Mezcal Destreza","CDMX, QRO, PUE, MTY, GDL","$38,000","$11,400","2026-06-12","Pendiente"
"Crema de Mezcal Dulce Destreza Piñon 750 mL","83560","Mezcal Destreza","CDMX, QRO, PUE, MTY, GDL","$38,000","$11,400","2026-06-12","Pendiente"
"Crema de Mezcal Dulce Destreza Avellana 750 mL","83559","Mezcal Destreza","CDMX, QRO, PUE, MTY, GDL","$38,000","$11,400","2026-06-12","Pendiente"
"Destreza Dulce Avellana 60 Ml","92084","Mezcal Destreza","CDMX, QRO, PUE, MTY, GDL","$38,000","$11,400","2026-06-12","Pendiente"
"Destreza Dulce Piñón 60 Ml","92067","Mezcal Destreza","CDMX, QRO, PUE, MTY, GDL","$38,000","$11,400","2026-06-12","Pendiente"
"Doritos Nacho 223Gr","10929","Pepsico","Nacional","$100,000","$30,000","2026-06-11","Pendiente"
"Ruffles Papas Fritas Onduladas Sabor Queso 185 g","12376","Pepsico","Nacional","$100,000","$30,000","2026-06-11","Pendiente"
"Paketaxo Botana Surtida Quexo 208 g","9476","Pepsico","Nacional","$100,000","$30,000","2026-06-11","Pendiente"
"Sabritas - Papa Sal 160g","11947","Pepsico","Nacional","$100,000","$30,000","2026-06-11","Pendiente"
"Gamesa Galleta Fortificada Marías 510 g","13013","Pepsico","Nacional","$100,000","$30,000","2026-06-11","Pendiente"
"Saladitas Gamesa Galleta Salada Clásica 504 g","14458","Pepsico","Nacional","$100,000","$30,000","2026-06-11","Pendiente"
"Suavitel Suavizante Cuidado Superior Fresca Primavera 740 mL","75953","Suavitel","CDMX, QRO, PUE, MTY, GDL","$20,000","$6,000","2026-06-10","Pendiente"
"Suavitel Suavizante Cuidado Superior Fresca Primavera 4.8 L","74289","Suavitel","CDMX, QRO, PUE, MTY, GDL","$20,000","$6,000","2026-06-10","Pendiente"
"Suavitel Suavizante De Telas Baby 3 L","10364","Suavitel","CDMX, QRO, PUE, MTY, GDL","$20,000","$6,000","2026-06-10","Pendiente"
"Harpic Limpiador Desinfectante Para Baños Max Power 750 mL","72719","Reckitt","Nacional","$50,000","$15,000","2026-06-08","Pendiente"
"Harpic Pastillas Acuaticas Azules 5 Piezas","83468","Reckitt","Nacional","$50,000","$15,000","2026-06-08","Pendiente"
"Lysol Desinfectante En Aerosol 475 g","11519","Reckitt","Nacional","$50,000","$15,000","2026-06-08","Pendiente"
"Vanish Quita Manchas En Polvo White 450 g","74274","Reckitt","Nacional","$50,000","$15,000","2026-06-08","Pendiente"
"Lysol Toallitas Desinfectantes Para Superficies 80 ud.","72799","Reckitt","Nacional","$50,000","$15,000","2026-06-08","Pendiente"
"Vanish Quitamanchas en Gel Multiusos 4 L","72715","Reckitt","Nacional","$50,000","$15,000","2026-06-08","Pendiente"
"Pack Cerveza Michelob Ultra Light 6 x 355 mL","5314","Modelo","Nacional","$120,000","$36,000","2026-06-05","Pendiente"
"Cerveza Modelo Especial Lata 355 mL","6344","Modelo","Nacional","$120,000","$36,000","2026-06-05","Pendiente"
"Cerveza Corona Extra Lata 355 mL","8042","Modelo","Nacional","$120,000","$36,000","2026-06-05","Pendiente"
"Colgate Pasta Dental Triple Accion Xtra Blancura 125 mL","74205","Colgate","CDMX, QRO, PUE, MTY, GDL","$20,000","$6,000","2026-06-04","Pendiente"
"Colgate Pasta Dental Luminous White Brilliant Econopack 75 mL","11309","Colgate","CDMX, QRO, PUE, MTY, GDL","$20,000","$6,000","2026-06-04","Pendiente"
"Colgate Crema Dental Triple Acción 100 mL","9899","Colgate","CDMX, QRO, PUE, MTY, GDL","$20,000","$6,000","2026-06-04","Pendiente"
"Colgate Pasta Dental Luminous White Blanqueadora 125 mL","14381","Colgate","CDMX, QRO, PUE, MTY, GDL","$20,000","$6,000","2026-06-04","Pendiente"
"Harpic Limpiador Desinfectante Para Baños Max Power 750 mL","72719","Reckitt","Nacional","$50,000","$15,000","2026-06-03","Pendiente"
"Harpic Pastillas Acuáticas Azules 5 Piezas","83468","Reckitt","Nacional","$50,000","$15,000","2026-06-03","Pendiente"
"Lysol Desinfectante En Aerosol 475 g","11519","Reckitt","Nacional","$50,000","$15,000","2026-06-03","Pendiente"
"Vanish Quita Manchas En Polvo White 450 g","74274","Reckitt","Nacional","$50,000","$15,000","2026-06-03","Pendiente"
"Lysol Toallitas Desinfectantes Para Superficies 80 ud.","72799","Reckitt","Nacional","$50,000","$15,000","2026-06-03","Pendiente"
"Vanish Quitamanchas en Gel Multiusos 4 L","72715","Reckitt","Nacional","$50,000","$15,000","2026-06-03","Pendiente"
"Electrolife Zero Suero Uva 625 mL","12304","Electrolife","Nacional","$75,000","$22,500","2026-05-31","Pendiente"
"Electrolife Zero Sabor Fresa Kiwi 660 mL","13072","Electrolife","Nacional","$75,000","$22,500","2026-05-31","Pendiente"
"Cerveza Cervecería de Colima Piedra Lisa Lata 355 mL","13477","Colima","Nacional","$30,000","$9,000","2026-05-31","Pendiente"
"Cerveza Cervecería de Colima Colimita Lata 355 mL","13816","Colima","Nacional","$30,000","$9,000","2026-05-31","Pendiente"
"Colima Cero Session IPA Lata 355 mL","91744","Colima","Nacional","$30,000","$9,000","2026-05-31","Pendiente"
"Colima Cero Lager Ambar Lata 355 mL","91743","Colima","Nacional","$30,000","$9,000","2026-05-31","Pendiente"
"Sico Condones Climax Mutuo","14101","Sico","CDMX","$50,000","$15,000","2026-05-29","Pendiente"
"Sico Condon Invisible Ultra Delgado","12030","Sico","CDMX","$50,000","$15,000","2026-05-29","Pendiente"
"Lubricante Sico Play Cereza","3860","Sico","CDMX","$50,000","$15,000","2026-05-29","Pendiente"
"Sico Condon Invisible Ultra Sense","7560","Sico","CDMX","$50,000","$15,000","2026-05-29","Pendiente"
"Sico Condones Safety","10439","Sico","CDMX","$50,000","$15,000","2026-05-29","Pendiente"
"Pack Cerveza Amstel Ultra Botella 6 x 355 mL","8770","Heineken","CDMX, QRO, PUE, MTY, GDL","$400,000","$120,000","2026-05-29","Pendiente"
"Pack Cerveza Heineken Original Botella 6 x 355 mL","8524","Heineken","CDMX, QRO, PUE, MTY, GDL","$400,000","$120,000","2026-05-29","Pendiente"
"Tecate Light Lata 12pack","11434","Heineken","CDMX, QRO, PUE, MTY, GDL","$400,000","$120,000","2026-05-29","Pendiente"
"XX Dos Equis Lager Especial Lata 12pack 355 mL","10119","Heineken","CDMX, QRO, PUE, MTY, GDL","$400,000","$120,000","2026-05-29","Pendiente"
"Pack Cerveza Indio Tipo Vienna Oscura Lata 12 x 355 mL","12099","Heineken","CDMX, QRO, PUE, MTY, GDL","$400,000","$120,000","2026-05-29","Pendiente"
"Electrolit Suero Rehidratante Sabor Fresa Kiwi 625 mL","9103","Electrolit","Nacional","$100,000","$30,000","2026-05-28","Pendiente"
"Electrolit Suero Rehidratante Sabor Lima-Limón 625 mL","5898","Electrolit","Nacional","$100,000","$30,000","2026-05-28","Pendiente"
"Electrolit Suero Rehidratante Sabor Mora Azul 625 mL","5896","Electrolit","Nacional","$100,000","$30,000","2026-05-28","Pendiente"
"Electrolit Suero Rehidratante Sabor Uva 625 mL","5759","Electrolit","Nacional","$100,000","$30,000","2026-05-28","Pendiente"
"Electrolit Suero Rehidratante Sabor Fresa 625 mL","5495","Electrolit","Nacional","$100,000","$30,000","2026-05-28","Pendiente"
"Leche Past Lala 100 Prot Semi 1Lt","14588","Lala","Nacional","$30,000","$9,000","2026-05-27","Pendiente"
"Lala 100 Leche sin Lactosa Low Carb Light 1L","72152","Lala","Nacional","$30,000","$9,000","2026-05-27","Pendiente"
"Cacahuate Sin Sal 200 g","83016","Granel","CDMX","$30,000","$30,000","2026-05-26","Pendiente"
"Cacahuate Japonés 200 g","86777","Granel","CDMX","$30,000","$30,000","2026-05-26","Pendiente"
"Cacahuate Español Salado 200 g","86776","Granel","CDMX","$30,000","$30,000","2026-05-26","Pendiente"
"Cacahuate Japones Enchilado 200 g","86761","Granel","CDMX","$30,000","$30,000","2026-05-26","Pendiente"
"Cacahuate Enchilado 200 g","86754","Granel","CDMX","$30,000","$30,000","2026-05-26","Pendiente"
"Electrolife Zero Suero Uva 625 mL","12304","Electrolife","Nacional","$75,000","$22,500","2026-05-24","Pendiente"
"Electrolife Zero Sabor Fresa Kiwi 660 mL","13072","Electrolife","Nacional","$75,000","$22,500","2026-05-24","Pendiente"
"Pack Mixto Hard Seltzer Palmar Sabores Surtidos 8 x 355 mL","82936","Palmar","Nacional","$50,000","$15,000","2026-05-23","Pendiente"
"Palmar Ginebra Con Sabor Frutos Rojos y Rosas 750 mL","73551","Palmar","Nacional","$50,000","$15,000","2026-05-23","Pendiente"
"Tequila Taddel Reposado Cristalino 750 mL","83702","Palmar","Nacional","$50,000","$15,000","2026-05-23","Pendiente"
"Vino Tinto Las Moras Malbec Finca 750 mL","5747","Madrileña","Nacional","$50,000","$15,000","2026-05-22","Pendiente"
"Vino Blanco Finca Las Moras Sauvignon Blanc 750 mL","11629","Madrileña","Nacional","$50,000","$15,000","2026-05-22","Pendiente"
"Vino Rosado Las Moras Finca 750 mL","13148","Madrileña","Nacional","$50,000","$15,000","2026-05-22","Pendiente"
"Lala 100 Leche Fresca sin Lactosa Proteína 1 L","14588","Lala","CDMX, GDL, MTY, MRD","$30,000","$9,000","2026-05-21","Ejecutado"
"Hogaza masa madre congelada","81181","Audaz","CDMX · Solo Pro Users","$20,000","$6,000","2026-05-20","Ejecutado"
"Trilogía de galletas- Audaz","86864","Audaz","CDMX · Solo Pro Users","$20,000","$6,000","2026-05-20","Ejecutado"
"Zanahoria","82060","Fruver","CDMX","$40,000","$40,000","2026-05-19","Ejecutado"
"Aguacate Para Hoy X3","14693","Fruver","CDMX","$40,000","$40,000","2026-05-19","Ejecutado"
"Pepino","82057","Fruver","CDMX","$40,000","$40,000","2026-05-19","Ejecutado"
"Cebolla Blanca","82058","Fruver","CDMX","$40,000","$40,000","2026-05-19","Ejecutado"
"Calabaza Italiana Mediana 200 g","10412","Fruver","CDMX","$40,000","$40,000","2026-05-19","Ejecutado"
"Enterogermina Susp 2 Ufc 5 Ml Caja 20 Ampolletas","1372","Sanofi","Nacional","$52,000","$15,600","2026-05-17","Ejecutado"
"Enterogermina Oral 5 ml 10 ud.","14242","Sanofi","Nacional","$52,000","$15,600","2026-05-17","Ejecutado"
"Torres Brandy 10 700 ml","5654","BLN","Nacional","$30,000","$9,000","2026-05-16","Ejecutado"
"Vodka Stolichnaya 750 mL","6806","BLN","Nacional","$30,000","$9,000","2026-05-16","Ejecutado"
"Ron Flor de Caña 12 Años 750 mL","647","BLN","Nacional","$30,000","$9,000","2026-05-16","Ejecutado"
"Ron Flor de Caña Extra Seco 4 Años 750 mL","75320","BLN","Nacional","$30,000","$9,000","2026-05-16","Ejecutado"
"Cerveza Charro Ultra Botella 355 mL","86364","Cerveza Charro","Nacional","$35,000","$10,500","2026-05-15","Ejecutado"
"Cerveza Charro Pilsner Botella 355 mL","86363","Cerveza Charro","Nacional","$35,000","$10,500","2026-05-15","Ejecutado"
"Cerveza Charro Ámbar Botella 355 mL","86362","Cerveza Charro","Nacional","$35,000","$10,500","2026-05-15","Ejecutado"
"Huggies Toallita Húmeda Cuidado Relajante 80 Und","8511","Kimberly","Nacional","$45,000","$13,500","2026-05-15","Ejecutado"
"Huggies Toallita Húmeda Cuidado Hidratante 80 Und","5858","Kimberly","Nacional","$45,000","$13,500","2026-05-15","Ejecutado"
"T.H. HUGGIES SUPREME 80s","10335","Kimberly","Nacional","$45,000","$13,500","2026-05-15","Ejecutado"
"Birdman Creatina Monohidratada en Polvo 450 g","83710","Birdman","Nacional","$60,000","$18,000","2026-05-13","Ejecutado"
"Plátano Chiapas 200 g","81993","Fruver","CDMX","$30,000","$30,000","2026-05-12","Ejecutado"
"Kiwi 130 g","76544","Fruver","CDMX","$30,000","$30,000","2026-05-12","Ejecutado"
"Papaya Maradol","12166","Fruver","CDMX","$30,000","$30,000","2026-05-12","Ejecutado"
"Piña Miel","71570","Fruver","CDMX","$30,000","$30,000","2026-05-12","Ejecutado"
"Toallitas Desmaq Neutrogena 25 pzs","11108","Neutrogena","CDMX, Monterrey","$200,000","$60,000","2026-05-10","Ejecutado"
"Neutrogena Hydro Boost Crema Facial 50g","10968","Neutrogena","CDMX, Monterrey","$200,000","$60,000","2026-05-10","Ejecutado"
"Lubriderm Reparacion Intensiva 400ml","9131","Neutrogena","CDMX, Monterrey","$200,000","$60,000","2026-05-10","Ejecutado"
"Neutrogena Night Calming Toallitas 25 pzs","4261","Neutrogena","CDMX, Monterrey","$200,000","$60,000","2026-05-10","Ejecutado"
"Neutrogena Desmaquillante Bifasico Oil Free","4681","Neutrogena","CDMX, Monterrey","$200,000","$60,000","2026-05-10","Ejecutado"
"Neutrogena Serum Retin Boost 30mL","90531","Neutrogena","CDMX, Monterrey","$200,000","$60,000","2026-05-10","Ejecutado"
"Floravid Clásico 12 Rosas Color Rojo","91948","Flores","CDMX, Guadalajara, Queretaro","$0","$100,000","2026-05-10","Ejecutado"
"Mix Floral Chico 25 Flores Surtidas","89425","Flores","CDMX, Guadalajara, Queretaro","$0","$100,000","2026-05-10","Ejecutado"
"Modelo Especial Cerveza Lata 355ml","6344","Modelo","Nacional","$35,000","$10,500","2026-05-09","Ejecutado"
"Corona Extra Cerveza Lata 355ml","8042","Modelo","Nacional","$35,000","$10,500","2026-05-09","Ejecutado"
"Vicky Cerveza Chamoy y Pina Laton 473ml","15052","Modelo","Nacional","$35,000","$10,500","2026-05-09","Ejecutado"
"Stella Artois Cerveza Clara 473ml","81337","Modelo","Nacional","$35,000","$10,500","2026-05-09","Ejecutado"
"Flying Fish Cerveza Lata 473ml","86167","Modelo","Nacional","$35,000","$10,500","2026-05-09","Ejecutado"
"Mallas Limon Con Semilla 5 piezas","14946","Fruver","CDMX","$30,000","$30,000","2026-05-05","Ejecutado"
"Mallas Limon Sin Semilla 5 piezas","14375","Fruver","CDMX","$30,000","$30,000","2026-05-05","Ejecutado"
"Naranja Valencia","82049","Fruver","CDMX","$30,000","$30,000","2026-05-05","Ejecutado"
"Limon Eureka","82040","Fruver","CDMX","$30,000","$30,000","2026-05-05","Ejecutado"
"Toronja Blanca","10659","Fruver","CDMX","$30,000","$30,000","2026-05-05","Ejecutado"
"Bachoco Filete de Pechuga de Pollo 430 g","83618","Bachoco","CDMX","$20,000","$6,000","2026-05-04","Ejecutado"
"Bachoco - Alitas picositas - 700 g","14192","Bachoco","CDMX","$40,000","$12,000","2026-05-02","Ejecutado"
"Sico Condones Climax Mutuo","14101","Sico","CDMX","$50,000","$15,000","2026-05-01","Ejecutado"
"Sico Condon Invisible Ultra Delgado","12030","Sico","CDMX","$50,000","$15,000","2026-05-01","Ejecutado"
"Lubricante Sico Play Cereza","3860","Sico","CDMX","$50,000","$15,000","2026-05-01","Ejecutado"
"Sico Condon Invisible Ultra Sense","7560","Sico","CDMX","$50,000","$15,000","2026-05-01","Ejecutado"
"Sico Condones Safety","10439","Sico","CDMX","$50,000","$15,000","2026-05-01","Ejecutado"
"OSITO ENCHILADO 200 gr","87047","Granel","CDMX","$40,000","$40,000","2026-04-30","Ejecutado"
"Piña Enchilada 200 g","86768","Granel","CDMX","$40,000","$40,000","2026-04-30","Ejecutado"
"GOMA SANDIA ENCHILADA 200","87055","Granel","CDMX","$40,000","$40,000","2026-04-30","Ejecutado"
"Mango Enchilado 200 g","86778","Granel","CDMX","$40,000","$40,000","2026-04-30","Ejecutado"
"Aros De Pepino Ench.","87062","Granel","CDMX","$40,000","$40,000","2026-04-30","Ejecutado"
"Pack Cerveza Clara Modelo Especial 12 Latas 355mL","13692","Modelo","Nacional","$100,000","$30,000","2026-04-29","Ejecutado"
"Cerveza Flying Fish Lata 473mL","86167","Modelo","Nacional","$100,000","$30,000","2026-04-29","Ejecutado"
"Cerveza Vicky Tajín 1 Lata 473mL","83819","Modelo","Nacional","$100,000","$30,000","2026-04-29","Ejecutado"
"Gatorade Bebida Hidratante Sabor Ponche de Frutas 1 L","8161","Gepp","Nacional","$35,000","$10,500","2026-04-27","Ejecutado"
"Gatorade Bebida Rehidratante sabor Uva 1l - Gatorade - 1000 mL","8939","Gepp","Nacional","$35,000","$10,500","2026-04-27","Ejecutado"
"Gatorlyte Naranja","12111","Gepp","Nacional","$35,000","$10,500","2026-04-27","Ejecutado"
"Gatorlyte Fresa Kiwi","12104","Gepp","Nacional","$35,000","$10,500","2026-04-27","Ejecutado"
"Gatorade Bebida Moras Freeze 1 L","83639","Gepp","Nacional","$35,000","$10,500","2026-04-27","Ejecutado"
"SALVO POWER CLEAN 750M - Salvo - 750 mL","9248","P&G","Nacional","$60,000","$18,000","2026-04-26","Ejecutado"
"Ariel Detergente en Polvo Poder y Cuidado 3.7 Kg","85712","P&G","Nacional","$60,000","$18,000","2026-04-26","Ejecutado"
"Tide Detergente en Cápsulas Pods 16 Und","74299","P&G","Nacional","$60,000","$18,000","2026-04-26","Ejecutado"
"Mezcal Destreza Joven Espadin 750 mL","8510","Mezcales","Nacional","$55,000","$16,500","2026-04-25","Ejecutado"
"Crema de Mezcal Dulce Destreza Piñon 750 mL","83560","Mezcales","Nacional","$55,000","$16,500","2026-04-25","Ejecutado"
"Crema de Mezcal Dulce Destreza Avellana 750 mL","83559","Mezcales","Nacional","$55,000","$16,500","2026-04-25","Ejecutado"
"We Care - Vaso de Papel con PLA 16oz Rojo - 10 uds.","72978","WeCare","Nacional","$30,000","$9,000","2026-04-24","Ejecutado"
"We Care - Plato liso Grande 8.6 - 18 uds.","72977","WeCare","Nacional","$30,000","$9,000","2026-04-24","Ejecutado"
"We Care - Cuchara Mediana - 20 uds.","72981","WeCare","Nacional","$30,000","$9,000","2026-04-24","Ejecutado"
"Pawffy Arena Para Gatos Aroma Lavanda 5 Kg","83659","Pets","Nacional","$81,000","$24,300","2026-04-23","Ejecutado"
"Dog Chew Hueso Para Perro 7 a 8'' Sabor a Pollo 2 Und","82200","Pets","Nacional","$81,000","$24,300","2026-04-23","Ejecutado"
"Dog Chew Pork Femur Deshidratado 2 Und","83458","Pets","Nacional","$81,000","$24,300","2026-04-23","Ejecutado"
"Dog Chew Sticks Sabor Res Para Perro 100 Und","82205","Pets","Nacional","$81,000","$24,300","2026-04-23","Ejecutado"
"Fresa 450 g","12456","Mimosas","Nacional","$55,000","$16,500","2026-04-18","Ejecutado"
"Mora Azul","9629","Mimosas","Nacional","$55,000","$16,500","2026-04-18","Ejecutado"
"Zarzamora","9159","Mimosas","Nacional","$55,000","$16,500","2026-04-18","Ejecutado"
"Mimosa Granriviera Canella 750 mL","83627","Mimosas","Nacional","$55,000","$16,500","2026-04-18","Ejecutado"
"Sensy Lub - Gel Lubricante Para Masajes Sabor Durazno - 60 ml","73481","PlayBoy","Nacional","$30,000","$9,000","2026-04-17","Ejecutado"
"Sensy - Bala Vibradora - 1 ud.","73482","PlayBoy","Nacional","$30,000","$9,000","2026-04-17","Ejecutado"
"Playboy Preservativos Texturizados","80161","PlayBoy","Nacional","$30,000","$9,000","2026-04-17","Ejecutado"
"Mordisko Vainilla - Holanda - 105 ml","71550","Holanda","Nacional","$40,000","$12,000","2026-04-16","Ejecutado"
"Magnum Paleta Helada Almendras 90 mL","6579","Holanda","Nacional","$40,000","$12,000","2026-04-16","Ejecutado"
"Solero Paleta Sabor Limón Citrus","8944","Holanda","Nacional","$40,000","$12,000","2026-04-16","Ejecutado"
"Raid Acción Concentrada Insecticida Contra Mosquitos Sin Aroma","81726","SCJ","Nacional","$50,000","$15,000","2026-04-15","Ejecutado"
"Raid Insecticida Mosquitos Aerosol 1 Und","85035","SCJ","Nacional","$50,000","$15,000","2026-04-15","Ejecutado"
"Plátano Chiapas","81993","Fruver","CDMX","$40,000","$40,000","2026-04-14","Ejecutado"
"Naranja Valencia","82049","Fruver","CDMX","$40,000","$40,000","2026-04-14","Ejecutado"
"Mango Ataulfo 340 g","72931","Fruver","CDMX","$40,000","$40,000","2026-04-14","Ejecutado"
"Manzana Smith","82059","Fruver","CDMX","$40,000","$40,000","2026-04-14","Ejecutado"
"Kiwi 130 g","76544","Fruver","CDMX","$40,000","$40,000","2026-04-14","Ejecutado"
"Bachoco Huevo Blanco 12 ud.","12616","Huevo","CDMX","$90,000","$27,000","2026-04-11","Ejecutado"
"Bachoco Huevo Blanco 18 ud.","5543","Huevo","CDMX","$90,000","$27,000","2026-04-11","Ejecutado"
"Bachoco Huevo Blanco 30 ud.","5877","Huevo","CDMX","$90,000","$27,000","2026-04-11","Ejecutado"
"Alpura Leche Deslactosada Light 1 L","6981","Alpura","CDMX","$30,000","$9,000","2026-04-09","Ejecutado"
"Alpura Leche Entera 1 L","6549","Alpura","CDMX","$30,000","$9,000","2026-04-09","Ejecutado"
"Tomate Guaje Saladette","81998","Fruver","Nacional","$40,000","$40,000","2026-04-01","Ejecutado"
"Mallas Limón Con Semilla 5 pz","14946","Fruver","Nacional","$40,000","$40,000","2026-04-01","Ejecutado"
"Mallas Limón Sin Semilla 5 pz","14375","Fruver","Nacional","$40,000","$40,000","2026-04-01","Ejecutado"
"Cebolla Blanca","82058","Fruver","Nacional","$40,000","$40,000","2026-04-01","Ejecutado"
"Malla Chile Serrano 3 pz","12645","Fruver","Nacional","$40,000","$40,000","2026-04-01","Ejecutado"
"Cilantro 100 g","9518","Fruver","Nacional","$40,000","$40,000","2026-04-01","Ejecutado"
"Malla Jitomate Saladete 3 pz","14370","Fruver","Nacional","$40,000","$40,000","2026-04-01","Ejecutado"
"Malla Cebolla Blanca 2 pz","14919","Fruver","Nacional","$40,000","$40,000","2026-04-01","Ejecutado"
"Nivea Protector Solar Sport FPS 50 200 mL","4185","Instance","Nacional","$100,000","$30,000","2026-03-31","Ejecutado"
"Nivea Sun Protector Solar Hidratante Fps 50+ 200 mL","72363","Instance","Nacional","$100,000","$30,000","2026-03-31","Ejecutado"
"Nivea Protector Solar Facial Control de Brillo Fps 50 50 mL","76142","Instance","Nacional","$100,000","$30,000","2026-03-31","Ejecutado"
"Nivea Protector Solar Piel Sensible FPS 50 200 mL","2153","Instance","Nacional","$100,000","$30,000","2026-03-31","Ejecutado"
"Nivea Protector Solar para Piel Sensible 50 mL","76143","Instance","Nacional","$100,000","$30,000","2026-03-31","Ejecutado"
"Nivea Sun Protector Solar Piel Sensible Fps 50+ 125 mL","76636","Instance","Nacional","$100,000","$30,000","2026-03-31","Ejecutado"
"Cerveza Cervecería de Colima Piedra Lisa Ipa Botella 355 mL","13126","Minerva","CDMX, MTY, GDL, PUE, QRO","$105,000","$31,500","2026-03-28","Ejecutado"
"Cerveza Cervecería de Colima Colimita Lager Botella 355 mL","12827","Minerva","CDMX, MTY, GDL, PUE, QRO","$105,000","$31,500","2026-03-28","Ejecutado"
"Minerva Cerveza Viena Artesanal de Guadalajara 500 mL","4805","Minerva","CDMX, MTY, GDL, PUE, QRO","$105,000","$31,500","2026-03-28","Ejecutado"
"Minerva Cerveza Artesanal Lager Light 355 mL","13570","Minerva","CDMX, MTY, GDL, PUE, QRO","$105,000","$31,500","2026-03-28","Ejecutado"
"Minerva Cerveza Colonial 355 mL","4818","Minerva","CDMX, MTY, GDL, PUE, QRO","$105,000","$31,500","2026-03-28","Ejecutado"
"Cerveza Charro Ultra Botella 355 mL","86364","Minerva","CDMX, MTY, GDL, PUE, QRO","$105,000","$31,500","2026-03-28","Ejecutado"
"Cerveza Charro Ambar Botella 355 mL","86362","Minerva","CDMX, MTY, GDL, PUE, QRO","$105,000","$31,500","2026-03-28","Ejecutado"
"Cerveza Charro Pilsner Botella 355 mL","86363","Minerva","CDMX, MTY, GDL, PUE, QRO","$105,000","$31,500","2026-03-28","Ejecutado"
"Minerva Cerveza Artesanal Pale Ale 355 mL","4793","Minerva","CDMX, MTY, GDL, PUE, QRO","$105,000","$31,500","2026-03-28","Ejecutado"
"Prispas Papas Fritas a la Francesa Picositas 130 g","14719","Bokados","Nacional","$70,000","$21,000","2026-03-26","Ejecutado"
"Prispas Botana Papas Francesas Picositas Chile y Limón 55 g","14357","Bokados","Nacional","$70,000","$21,000","2026-03-26","Ejecutado"
"Bokados Surtido Botanas y Cacahuates Rico y Variadito 90 g","11142","Bokados","Nacional","$70,000","$21,000","2026-03-26","Ejecutado"
"Mix Con Golos 85 G","81221","Bokados","Nacional","$70,000","$21,000","2026-03-26","Ejecutado"
"Bokados Botana Chicharrón De Cerdo 67 g","10906","Bokados","Nacional","$70,000","$21,000","2026-03-26","Ejecutado"
"Bokados Chicharrón de Cerdo 115 g","82243","Bokados","Nacional","$70,000","$21,000","2026-03-26","Ejecutado"
"Bokachito Puffed 220 g 9 P St","81246","Bokados","Nacional","$70,000","$21,000","2026-03-26","Ejecutado"
"Chicharron de Cerdo 30 g St","81214","Bokados","Nacional","$70,000","$21,000","2026-03-26","Ejecutado"
"Bokados Botana Mix Rico y Variadito 210 g","14756","Bokados","Nacional","$70,000","$21,000","2026-03-26","Ejecutado"
"Chicharron de Cerdo 175 G","81212","Bokados","Nacional","$70,000","$21,000","2026-03-26","Ejecutado"
"Pack Cerveza Clara Modelo Especial 6 x 355 mL","13692","Modelo","Nacional","$100,000","$30,000","2026-03-25","Ejecutado"
"Pack Cerveza Michelob Ultra Light 6 x 355 mL","5314","Modelo","Nacional","$100,000","$30,000","2026-03-25","Ejecutado"
"Corona Extra Cerveza Latón 473 mL","7857","Modelo","Nacional","$100,000","$30,000","2026-03-25","Ejecutado"
"Cerveza Flying Fish Lata 355 mL","86168","Modelo","Nacional","$100,000","$30,000","2026-03-25","Ejecutado"
"Primavera 3 Girasoles","90296","Floravid","CDMX","$0","$100,000","2026-03-21","Ejecutado"
"Frescura 15 Margaritas Amarillas","90297","Floravid","CDMX","$0","$100,000","2026-03-21","Ejecutado"
"Mix Floral 25 Flores Surtidas Amarillas","90295","Floravid","CDMX","$0","$100,000","2026-03-21","Ejecutado"
"Whisky Black & White Scotch 700 mL","10540","Diageo","Nacional","$100,000","$30,000","2026-03-20","Ejecutado"
"Whisky Johnnie Walker Black Label 750 mL","6867","Diageo","Nacional","$100,000","$30,000","2026-03-20","Ejecutado"
"Tequila Don Julio 70 Añejo 700 mL","9639","Diageo","Nacional","$100,000","$30,000","2026-03-20","Ejecutado"
"Tequila Blanco Don Julio 700 mL","7985","Diageo","Nacional","$100,000","$30,000","2026-03-20","Ejecutado"
"Silk Bebida Vegetal Sabor Vainilla Proteína 946 mL","10820","Silk","Nacional","$30,000","$9,000","2026-03-18","Ejecutado"
"Silk Bebida Vegetal Sabor Coco Sin Azúcar 946 mL","10721","Silk","Nacional","$30,000","$9,000","2026-03-18","Ejecutado"
"Silk Bebida Vegetal Sabor Almendra 946 mL","4699","Silk","Nacional","$30,000","$9,000","2026-03-18","Ejecutado"
"Silk Bebida Vegetal de Almendra Monk Fruit Sin Azúcar 946 mL","11439","Silk","Nacional","$30,000","$9,000","2026-03-18","Ejecutado"
"Silk Bebida Vegetal Sabor Soya Sin Azúcar 946 mL","12290","Silk","Nacional","$30,000","$9,000","2026-03-18","Ejecutado"
"Oikos Yoghurt Griego Con Fresa 150 g","11576","Danone","CDMX","$20,000","$6,000","2026-03-14","Ejecutado"
"Oikos Yoghurt Griego Natural Sin Azúcar 900 g","8277","Danone","CDMX","$20,000","$6,000","2026-03-14","Ejecutado"
"Oikos Yoghurt Griego Natural 150 g","13409","Danone","CDMX","$20,000","$6,000","2026-03-14","Ejecutado"
"Oikos Yoghurt Griego Coco Rallado 150 g","13431","Danone","CDMX","$20,000","$6,000","2026-03-14","Ejecutado"
"Danone Yogurt Oikos Coco Mango 150 g","73841","Danone","CDMX","$20,000","$6,000","2026-03-14","Ejecutado"
"Pétalo Servitoalla Multicorte Doble Hoja","9687","Kimberly","CDMX","$60,000","$18,000","2026-03-13","Ejecutado"
"Petalo Servilletas Practica Hoja Sencilla 160 uds","71801","Kimberly","CDMX","$60,000","$18,000","2026-03-13","Ejecutado"
"Kleenex Cottonelle Papel Higiénico Beauty Vainilla 18 Und","9986","Kimberly","CDMX","$60,000","$18,000","2026-03-13","Ejecutado"
"Chokis Galletas Clásicas 76 g","13979","Pepsico","CDMX","$30,000","$9,000","2026-03-12","Ejecutado"
"Saladitas Galletas Clásicas 186 g","6221","Pepsico","CDMX","$30,000","$9,000","2026-03-12","Ejecutado"
"Chokis Rollo 180 g","80162","Pepsico","CDMX","$30,000","$9,000","2026-03-12","Ejecutado"
"Oikos Yoghurt Griego Con Fresa 150 g","11576","Danone","CDMX","$20,000","$6,000","2026-03-10","Ejecutado"
"Oikos Yoghurt Griego Natural Sin Azúcar 900 g","8277","Danone","CDMX","$20,000","$6,000","2026-03-10","Ejecutado"
"Oikos Yoghurt Griego Natural 150 g","13409","Danone","CDMX","$20,000","$6,000","2026-03-10","Ejecutado"
"Oikos Yoghurt Griego Coco Rallado 150 g","13431","Danone","CDMX","$20,000","$6,000","2026-03-10","Ejecutado"
"Danone Yogurt Oikos Coco Mango 150 g","73841","Danone","CDMX","$20,000","$6,000","2026-03-10","Ejecutado"
"Tía Rosa Tortillinas de Harina de Trigo 561 g","5318","Bimbo","Nacional","$70,000","$21,000","2026-03-07","Ejecutado"
"Marinela Gansito Pastelito Relleno de Mermelada de Fresa","6825","Bimbo","Nacional","$70,000","$21,000","2026-03-07","Ejecutado"
"Bimbo Donitas Espolvoreadas 105 g","13139","Bimbo","Nacional","$70,000","$21,000","2026-03-07","Ejecutado"
"Bimbo Donas Azucaradas 158 g","12664","Bimbo","Nacional","$70,000","$21,000","2026-03-07","Ejecutado"
"Marinela Pinguinos Pastelito de Chocolate Relleno con Crema","7849","Bimbo","Nacional","$70,000","$21,000","2026-03-07","Ejecutado"
"Bimbo Crossantines con Relleno Sabor a Chocolate 96 g","4027","Bimbo","Nacional","$70,000","$21,000","2026-03-07","Ejecutado"
"Milpa Real Totopos de Maíz para Chilaquiles 500 g","13830","Bimbo","Nacional","$70,000","$21,000","2026-03-07","Ejecutado"
"Cacahuate Sin Sal 200 g","83016","Granel","CDMX","$30,000","$9,000","2026-03-05","Ejecutado"
"Osito Enchilado 200 g","87047","Granel","CDMX","$30,000","$9,000","2026-03-05","Ejecutado"
"Nuez de la India 200 g","83017","Granel","CDMX","$30,000","$9,000","2026-03-05","Ejecutado"
"Goma Guanábana 200 g","87050","Granel","CDMX","$30,000","$9,000","2026-03-05","Ejecutado"
"Pasas Con Chocolate 200 g","86755","Granel","CDMX","$30,000","$9,000","2026-03-05","Ejecutado"
"Piña Enchilada 200 g","86768","Granel","CDMX","$30,000","$9,000","2026-03-05","Ejecutado"
"Pack Cerveza Amstel Ultra Botella 6 x 355 mL","8770","Heineken","Nacional","$200,000","$60,000","2026-02-28","Ejecutado"
"Pack Cerveza Heineken Original Botella 6 x 355 mL","8524","Heineken","Nacional","$200,000","$60,000","2026-02-28","Ejecutado"
"Heineken Cerveza Sin Alcohol 250 mL","9713","Heineken","Nacional","$200,000","$60,000","2026-02-28","Ejecutado"
"XX Dos Equis Lager Especial Botella 6pack 355 mL","7449","Heineken","Nacional","$200,000","$60,000","2026-02-28","Ejecutado"
"Plátano Chiapas 200 g","81993","Fruver","CDMX","$30,000","$9,000","2026-02-24","Ejecutado"
"Naranja Valencia","82049","Fruver","CDMX","$30,000","$9,000","2026-02-24","Ejecutado"
"Mango Ataulfo 340 g","72931","Fruver","CDMX","$30,000","$9,000","2026-02-24","Ejecutado"
"Manzana Golden","82050","Fruver","CDMX","$30,000","$9,000","2026-02-24","Ejecutado"
"Durazno Melocotón","82129","Fruver","CDMX","$30,000","$9,000","2026-02-24","Ejecutado"
"Vino Tinto Las Moras Malbec Finca 750 mL","5747","La Madrileña","Nacional","$100,000","$30,000","2026-02-20","Ejecutado"
"Vino Blanco Finca Las Moras Sauvignon Blanc 750 mL","11629","La Madrileña","Nacional","$100,000","$30,000","2026-02-20","Ejecutado"
"Vino Tinto Las Moras Cabernet Sauvignon Finca 750 mL","11671","La Madrileña","Nacional","$100,000","$30,000","2026-02-20","Ejecutado"
"Vino Rosado Las Moras Finca 750 mL","13148","La Madrileña","Nacional","$100,000","$30,000","2026-02-20","Ejecutado"
"Vino Tinto Finca Las Moras Merlot 750 mL","14086","La Madrileña","Nacional","$100,000","$30,000","2026-02-20","Ejecutado"
"Head & Shoulders Shampoo Limpieza Renovadora 180 mL","7352","P&G","Nacional","$50,000","$15,000","2026-02-16","Ejecutado"
"Herbal Essences Shampoo Suavidad Rosa Mosqueta 400 mL","11705","P&G","Nacional","$50,000","$15,000","2026-02-16","Ejecutado"
"Herbal Essences Acondicionador Classic Smooth 400 mL","10438","P&G","Nacional","$50,000","$15,000","2026-02-16","Ejecutado"
"Head & Shoulders Shampoo Men Control Caspa 375 mL","10375","P&G","Nacional","$50,000","$15,000","2026-02-16","Ejecutado"
"Head & Shoulders Shampoo Intense Nourish 280 mL","72859","P&G","Nacional","$50,000","$15,000","2026-02-16","Ejecutado"
"Head & Shoulders Shampoo Radical Clean 280 mL","72860","P&G","Nacional","$50,000","$15,000","2026-02-16","Ejecutado"
"Sico Gel Lubricante Vaginal 57 g","6974","Sico y Trojan","CDMX","$100,000","$30,000","2026-02-14","Ejecutado"
"Sico Play Preservativo Texturizado 3 ud.","11253","Sico y Trojan","CDMX","$100,000","$30,000","2026-02-14","Ejecutado"
"Sico Condon Invisible Ultra Delgado 3 ud.","12030","Sico y Trojan","CDMX","$100,000","$30,000","2026-02-14","Ejecutado"
"Sico Condones Climax Mutuo 3 ud.","14101","Sico y Trojan","CDMX","$100,000","$30,000","2026-02-14","Ejecutado"
"Trojan Preservativos Piel Desnuda Puntos de Placer 3 ud.","10883","Sico y Trojan","CDMX","$100,000","$30,000","2026-02-14","Ejecutado"
"Trojan Preservativos Piel Desnuda 3 ud.","10608","Sico y Trojan","CDMX","$100,000","$30,000","2026-02-14","Ejecutado"
"Trojan Preservativos Texturizados Ecstasy 2 ud.","2915","Sico y Trojan","CDMX","$100,000","$30,000","2026-02-14","Ejecutado"
"Trojan Preservativos Fire & Ice 3 ud.","14576","Sico y Trojan","CDMX","$100,000","$30,000","2026-02-14","Ejecutado"
"Sico Preservativos Piel Con Piel 3 ud.","1885","Sico y Trojan","CDMX","$100,000","$30,000","2026-02-14","Ejecutado"
"Sico Condones Sensitive 9 ud.","7354","Sico y Trojan","CDMX","$100,000","$30,000","2026-02-14","Ejecutado"
"Chocolate Kisses Jr Sabor Leche 41.4 g","73519","Hersheys","Nacional","$140,000","$42,000","2026-02-13","Ejecutado"
"Chocolate Kisses Almendras 125 g","12079","Hersheys","Nacional","$140,000","$42,000","2026-02-13","Ejecutado"
"Hersheys Kisses Fiesta Rojo 190 g","76319","Hersheys","Nacional","$140,000","$42,000","2026-02-13","Ejecutado"
"Hersheys Kisses Secret Leche 76 g","76321","Hersheys","Nacional","$140,000","$42,000","2026-02-13","Ejecutado"
"Chocolate Kisses Cereza Caja 120 g","4787","Hersheys","Nacional","$140,000","$42,000","2026-02-13","Ejecutado"
"Hersheys Kisses Secret Leche Almendras 72 g","76322","Hersheys","Nacional","$140,000","$42,000","2026-02-13","Ejecutado"
"Hersheys Kisses Trufa 120 g","76318","Hersheys","Nacional","$140,000","$42,000","2026-02-13","Ejecutado"
"Chocolate Kisses Selección Especial 260 g","73518","Hersheys","Nacional","$140,000","$42,000","2026-02-13","Ejecutado"
"Hersheys Kisses Monaco 34 g","76575","Hersheys","Nacional","$140,000","$42,000","2026-02-13","Ejecutado"
"Clásico 12 Rosas Color Rosa","89424","Floravid","CDMX","$0","$100,000","2026-02-13","Ejecutado"
"Mix Floral Chico 25 Flores Surtidas","89425","Floravid","CDMX","$0","$100,000","2026-02-13","Ejecutado"
"Encanto 15 Mini Rosas Multicolor","89427","Floravid","CDMX","$0","$100,000","2026-02-13","Ejecutado"
"Alegría 10 Gerberas Multicolor","89428","Floravid","CDMX","$0","$100,000","2026-02-13","Ejecutado"
"Frescura 15 Margaritas Multicolor","89426","Floravid","CDMX","$0","$100,000","2026-02-13","Ejecutado"
"Tomate Guaje Saladette","81998","Fruver","CDMX","$35,000","$35,000","2026-02-07","Ejecutado"
"Mallas Limón Con Semilla 5 piezas","14946","Fruver","CDMX","$35,000","$35,000","2026-02-07","Ejecutado"
"Aguacate Para Hoy X3","14693","Fruver","CDMX","$35,000","$35,000","2026-02-07","Ejecutado"
"Cebolla Blanca","82058","Fruver","CDMX","$35,000","$35,000","2026-02-07","Ejecutado"
"Tortillas Guerreras Totopos Deshidratados 250 g","82383","Fruver","CDMX","$35,000","$35,000","2026-02-07","Ejecutado"
"Barcel Chips Fuego 240 g","9411","Barcel","Nacional","$69,000","$20,700","2026-02-06","Ejecutado"
"Chips Papas Fritas Jalapeño 240 g","72501","Barcel","Nacional","$69,000","$20,700","2026-02-06","Ejecutado"
"Takis Fuego 340 g","81480","Barcel","Nacional","$69,000","$20,700","2026-02-06","Ejecutado"
"Cacahuates Golden Nuts Salados 100 g","9063","Barcel","Nacional","$69,000","$20,700","2026-02-06","Ejecutado"
"Papas Barcel Sal 170 g","15301","Barcel","Nacional","$69,000","$20,700","2026-02-06","Ejecutado"
"Golden Nuts Enchilados 100 g","10606","Barcel","Nacional","$69,000","$20,700","2026-02-06","Ejecutado"
"Bachoco Alitas picositas 700 g","14192","Bachoco","CDMX","$220,000","$66,000","2026-02-05","Ejecutado"
"Bachoco Boneless Crujientes 700 g","83610","Bachoco","CDMX","$220,000","$66,000","2026-02-05","Ejecutado"
"Bachoco Boneless Búfalo 700 g","12329","Bachoco","CDMX","$220,000","$66,000","2026-02-05","Ejecutado"
"Bachoco Tender Empanizado 700 g","83600","Bachoco","CDMX","$220,000","$66,000","2026-02-05","Ejecutado"
"San Rafael Salchicha de Pavo 500 g","13274","San Rafael","Nacional","$30,000","$9,000","2026-02-02","Ejecutado"
"San Rafael Pechuga de Pavo Receta Original 250 g","11018","San Rafael","Nacional","$30,000","$9,000","2026-02-02","Ejecutado"
"San Rafael Jamon de Pavo 300 g","74614","San Rafael","Nacional","$30,000","$9,000","2026-02-02","Ejecutado"
"San Rafael Salchicha de Pechuga de Pavo 500 g","71912","San Rafael","Nacional","$30,000","$9,000","2026-02-02","Ejecutado"
"San Rafael Salchicha de Pechuga de Pavo Balance","72285","San Rafael","Nacional","$30,000","$9,000","2026-02-02","Ejecutado"
"Gatorade Bebida Hidratante Sabor","8161","Gepp","Nacional","$22,000","$6,600","2026-01-29","Ejecutado"
"Gatorade Bebida Rehidratante sabor","8939","Gepp","Nacional","$22,000","$6,600","2026-01-29","Ejecutado"
"Gatorlyte Naranja","12111","Gepp","Nacional","$22,000","$6,600","2026-01-29","Ejecutado"
"Gatorlyte Fresa Kiwi","12104","Gepp","Nacional","$22,000","$6,600","2026-01-29","Ejecutado"
"Gatorade sin Azucar Frambuesa","11908","Gepp","Nacional","$22,000","$6,600","2026-01-29","Ejecutado"
"Gatorlyte Bebida Frutas Tropicales","83642","Gepp","Nacional","$22,000","$6,600","2026-01-29","Ejecutado"
"Corona Extra Cerveza Laton","4939","Grupo Modelo","Nacional","$400,000","$120,000","2026-01-22","Ejecutado"
"Modelo Especial Cerveza Lata","6344","Grupo Modelo","Nacional","$400,000","$120,000","2026-01-22","Ejecutado"
"Pacifico Cerveza Clara Lata","9705","Grupo Modelo","Nacional","$400,000","$120,000","2026-01-22","Ejecutado"
"Michelob Ultra Cerveza Light","9039","Grupo Modelo","Nacional","$400,000","$120,000","2026-01-22","Ejecutado"
"Corona Extra Cerveza Lata","8042","Grupo Modelo","Nacional","$400,000","$120,000","2026-01-22","Ejecutado"
"Pack Cerveza Clara Modelo","13692","Grupo Modelo","Nacional","$400,000","$120,000","2026-01-22","Ejecutado"
"Pack Cerveza Michelob Ultra","5314","Grupo Modelo","Nacional","$400,000","$120,000","2026-01-22","Ejecutado"
"Modelo Especial Cerveza Laton","8189","Grupo Modelo","Nacional","$400,000","$120,000","2026-01-22","Ejecutado"
"Corona Extra Cerveza Laton 473","7857","Grupo Modelo","Nacional","$400,000","$120,000","2026-01-22","Ejecutado"